cross_val,kfold,accuracy,class_0_recall,class_1_recall,mean_recall,class_0_precision,class_1_precision,mean_precision,class_0_F1,class_1_F1,mean_F1
1,1,0.7792207792207793,0.7058823529411765,0.8,0.7529411764705882,0.5,0.9056603773584906,0.7028301886792453,0.5853658536585366,0.8495575221238938,0.7174616878912152
1,2,0.8571428571428571,0.7058823529411765,0.9,0.8029411764705883,0.6666666666666666,0.9152542372881356,0.7909604519774012,0.6857142857142857,0.9075630252100839,0.7966386554621848
