cross_val,kfold,accuracy,class_0_recall,class_1_recall,mean_recall,class_0_precision,class_1_precision,mean_precision,class_0_F1,class_1_F1,mean_F1
1,1,0.8441558441558441,0.8260869565217391,0.8518518518518519,0.8389694041867954,0.7037037037037037,0.92,0.8118518518518518,0.76,0.8846153846153846,0.8223076923076923
