cross_val,kfold,accuracy,class_0_recall,class_1_recall,mean_recall,class_0_precision,class_1_precision,mean_precision,class_0_F1,class_1_F1,mean_F1
1,1,0.7662337662337663,0.8333333333333334,0.7605633802816901,0.7969483568075117,0.22727272727272727,0.9818181818181818,0.6045454545454545,0.35714285714285715,0.8571428571428571,0.6071428571428571
1,2,0.6623376623376623,0,0.6623376623376623,0.33116883116883117,0.0,1.0,0.5,0,0.796875,0.3984375
