cross_val,kfold,accuracy,class_0_recall,class_1_recall,mean_recall,class_0_precision,class_1_precision,mean_precision,class_0_F1,class_1_F1,mean_F1
1,1,0.7532467532467533,0.5,0.819672131147541,0.6598360655737705,0.42105263157894735,0.8620689655172413,0.6415607985480943,0.45714285714285713,0.8403361344537814,0.6487394957983192
