cross_val,kfold,accuracy,class_0_recall,class_1_recall,mean_recall,class_0_precision,class_1_precision,mean_precision,class_0_F1,class_1_F1,mean_F1
1,1,0.8441558441558441,0.75,0.8979591836734694,0.8239795918367347,0.8076923076923077,0.8627450980392157,0.8352187028657617,0.7777777777777779,0.8799999999999999,0.8288888888888889
1,2,0.7922077922077922,1.0,0.7611940298507462,0.8805970149253731,0.38461538461538464,1.0,0.6923076923076923,0.5555555555555556,0.864406779661017,0.7099811676082863
