cross_val,kfold,accuracy,class_0_recall,class_1_recall,mean_recall,class_0_precision,class_1_precision,mean_precision,class_0_F1,class_1_F1,mean_F1
1,1,0.8311688311688312,0.7857142857142857,0.8412698412698413,0.8134920634920635,0.5238095238095238,0.9464285714285714,0.7351190476190477,0.6285714285714286,0.8907563025210083,0.7596638655462185
