cross_val,kfold,accuracy,class_0_recall,class_1_recall,mean_recall,class_0_precision,class_1_precision,mean_precision,class_0_F1,class_1_F1,mean_F1
1,1,0.5454545454545454,0,0.5454545454545454,0.2727272727272727,0.0,1.0,0.5,0,0.7058823529411764,0.3529411764705882
1,2,0.6103896103896104,0,0.6103896103896104,0.3051948051948052,0.0,1.0,0.5,0,0.7580645161290321,0.37903225806451607
