cross_val,kfold,accuracy,class_0_recall,class_1_recall,mean_recall,class_0_precision,class_1_precision,mean_precision,class_0_F1,class_1_F1,mean_F1
1,1,0.6753246753246753,0,0.6753246753246753,0.33766233766233766,0.0,1.0,0.5,0,0.8062015503875969,0.40310077519379844
1,2,0.8051948051948052,0.5714285714285714,0.8571428571428571,0.7142857142857142,0.47058823529411764,0.9,0.6852941176470588,0.5161290322580646,0.8780487804878048,0.6970889063729346
