cross_val,kfold,accuracy,class_0_recall,class_1_recall,mean_recall,class_0_precision,class_1_precision,mean_precision,class_0_F1,class_1_F1,mean_F1
1,1,0.7792207792207793,0.8181818181818182,0.7636363636363637,0.790909090909091,0.5806451612903226,0.9130434782608695,0.7468443197755961,0.679245283018868,0.8316831683168316,0.7554642256678499
