cross_val,kfold,accuracy,class_0_recall,class_1_recall,mean_recall,class_0_precision,class_1_precision,mean_precision,class_0_F1,class_1_F1,mean_F1
1,1,0.6363636363636364,0,0.6363636363636364,0.3181818181818182,0.0,1.0,0.5,0,0.7777777777777778,0.3888888888888889
1,2,0.7922077922077922,1.0,0.7714285714285715,0.8857142857142857,0.30434782608695654,1.0,0.6521739130434783,0.4666666666666667,0.870967741935484,0.6688172043010754
1,3,0.6103896103896104,0,0.6103896103896104,0.3051948051948052,0.0,1.0,0.5,0,0.7580645161290321,0.37903225806451607
