cross_val,kfold,accuracy,class_0_recall,class_1_recall,mean_recall,class_0_precision,class_1_precision,mean_precision,class_0_F1,class_1_F1,mean_F1
1,1,0.7792207792207793,0.6666666666666666,0.8301886792452831,0.7484276729559749,0.64,0.8461538461538461,0.7430769230769231,0.6530612244897959,0.8380952380952382,0.745578231292517
