cross_val,kfold,accuracy,class_0_recall,class_1_recall,mean_recall,class_0_precision,class_1_precision,mean_precision,class_0_F1,class_1_F1,mean_F1
1,1,0.7662337662337663,0.5909090909090909,0.8363636363636363,0.7136363636363636,0.5909090909090909,0.8363636363636363,0.7136363636363636,0.5909090909090909,0.8363636363636363,0.7136363636363636
