cross_val,kfold,accuracy,class_0_recall,class_1_recall,mean_recall,class_0_precision,class_1_precision,mean_precision,class_0_F1,class_1_F1,mean_F1
1,1,0.7792207792207793,0.7666666666666667,0.7872340425531915,0.7769503546099291,0.696969696969697,0.8409090909090909,0.768939393939394,0.7301587301587302,0.8131868131868133,0.7716727716727718
