cross_val,kfold,accuracy,class_0_recall,class_1_recall,mean_recall,class_0_precision,class_1_precision,mean_precision,class_0_F1,class_1_F1,mean_F1
1,1,0.8571428571428571,0.7,0.9122807017543859,0.8061403508771929,0.7368421052631579,0.896551724137931,0.8166969147005445,0.717948717948718,0.9043478260869565,0.8111482720178372
