cross_val,kfold,accuracy,class_0_recall,class_1_recall,mean_recall,class_0_precision,class_1_precision,mean_precision,class_0_F1,class_1_F1,mean_F1
1,1,0.7922077922077922,0.782608695652174,0.7962962962962963,0.7894524959742351,0.6206896551724138,0.8958333333333334,0.7582614942528736,0.6923076923076923,0.8431372549019608,0.7677224736048265
