cross_val,kfold,accuracy,class_0_recall,class_1_recall,mean_recall,class_0_precision,class_1_precision,mean_precision,class_0_F1,class_1_F1,mean_F1
1,1,0.8441558441558441,0.8636363636363636,0.8363636363636363,0.85,0.6785714285714286,0.9387755102040817,0.8086734693877551,0.76,0.8846153846153846,0.8223076923076923
1,2,0.7272727272727273,0.5833333333333334,0.7924528301886793,0.6878930817610063,0.56,0.8076923076923077,0.6838461538461539,0.5714285714285714,0.7999999999999999,0.6857142857142857
